Workbook

Sheet Cleaned Data
A1: name | B1: planet_status | C1: mass | D1: mass_error_min | E1: mass_error_max | F1: mass_sini | G1: mass_sini_error_min | H1: mass_sini_error_max | I1: radius | J1: radius_error_min
A2: 109 Psc b | B2: Confirmed | C2: 5.743 | D2: 0.289 | E2: 1.011 | F2: 6.383 | G2: 0.078 | H2: 0.078 | I2: 1.152
A3: 112 Psc b | B3: Confirmed | D3: 0.005 | E3: 0.004 | F3: 0.033 | G3: 0.005 | H3: 0.004
A4: 112 Psc c | B4: Confirmed | C4: 9.866 | D4: 1.781 | E4: 3.19
A5: 11 UMi b | B5: Confirmed | D5: 1.1 | E5: 1.1 | F5: 11.0873 | G5: 1.1 | H5: 1.1
A6: 14 And Ab | B6: Confirmed | D6: 0.23 | E6: 0.23 | F6: 4.684 | G6: 0.23 | H6: 0.23
A7: 14 Her b | B7: Confirmed | C7: 8.9 | D7: 1.7 | E7: 1.3 | F7: 4.95
A8: 14 Her c | B8: Confirmed | C8: 7.9 | D8: 1.2 | E8: 1.6 | F8: 7.12
A9: 16 Cyg Bb | B9: Confirmed | D9: 0.08 | E9: 0.08 | F9: 1.64 | G9: 0.08 | H9: 0.08
A10: 18 Del Ab | B10: Confirmed | D10: 0.36 | E10: 0.36 | F10: 10.3 | G10: 0.36 | H10: 0.36
A11: 23 Lib b | B11: Confirmed | D11: 0.02 | E11: 0.02 | F11: 1.59 | G11: 0.02 | H11: 0.02
A12: 23 Lib c | B12: Confirmed | D12: 0.03 | E12: 0.03 | F12: 0.82 | G12: 0.03 | H12: 0.03
A13: 24 Boo b | B13: Confirmed | D13: 0.11 | E13: 0.11 | F13: 0.91 | G13: 0.11 | H13: 0.11
A14: 24 Sex b | B14: Confirmed | D14: 0.11 | E14: 0.11 | F14: 1.84 | G14: 0.11 | H14: 0.11
A15: 24 Sex c | B15: Confirmed | D15: 0.2 | E15: 0.2 | F15: 1.52 | G15: 0.2 | H15: 0.2
A16: 2M 1253+2734 b | B16: Confirmed | D16: 0.2 | E16: 1.8 | F16: 8.3 | G16: 0.2 | H16: 1.8
A17: 2M1510 (AB)b | B17: Confirmed | C17: 0.031
A18: 2MASS J0437+2651 b | B18: Confirmed | C18: 4
A19: 2MASS J0558-4501 b | B19: Confirmed | C19: 9 | D19: 3 | E19: 3
A20: 2MASS J1155-7919 b | B20: Confirmed | C20: 10
A21: 2MASS J1252+2735 b | B21: Confirmed | D21: 0.64 | E21: 0.21 | F21: 6.88 | G21: 0.64 | H21: 0.21
A22: 2MASS J1258+2630 b | B22: Confirmed | D22: 0.18 | E22: 0.31 | F22: 3.4 | G22: 0.18 | H22: 0.31
A23: 2MASS J2236+4751 b | B23: Confirmed | C23: 12.5 | D23: 1.5 | E23: 1.5
A24: 38 Vir b | B24: Confirmed | D24: 0.5 | E24: 0.5 | F24: 4.51 | G24: 0.5 | H24: 0.5
A25: 41 Com Ab | B25: Confirmed | D25: 1 | E25: 1 | F25: 6.3 | G25: 1 | H25: 1
A26: 44 Uma b | B26: Confirmed | D26: 0.85 | E26: 0.2 | F26: 12.11 | G26: 0.85 | H26: 0.2
A27: 47 UMa b | B27: Confirmed | D27: 0.06 | E27: 0.07 | F27: 2.53 | G27: 0.06 | H27: 0.07
A28: 47 UMa c | B28: Confirmed | D28: 0.073 | E28: 0.066 | F28: 0.54 | G28: 0.073 | H28: 0.066
A29: 47 UMa d | B29: Confirmed | D29: 0.48 | E29: 0.29 | F29: 1.64 | G29: 0.48 | H29: 0.29
A30: 51 Eri Ab | B30: Confirmed | C30: 4.1 | D30: 0.5 | E30: 0.5 | I30: 1.11 | J30: 0.13
A31: 51 Peg b | B31: Confirmed | C31: 0.47 | D31: 0.07 | E31: 0.03 | F31: 0.46 | G31: 0.06 | H31: 0.01 | I31: 1.9 | J31: 0.3
A32: 54 Psc b | B32: Confirmed | C32: 0.23 | D32: 0.013 | E32: 0.297 | F32: 0.228 | G32: 0.011 | H32: 0.011
A33: 55 Cnc Ab | B33: Confirmed | C33: 0.84 | D33: 0.031 | E33: 0.23 | F33: 0.84 | G33: 0.031 | H33: 0.131
A34: 55 Cnc Ac | B34: Confirmed | D34: 0.0078 | E34: 0.0275 | F34: 0.1784 | G34: 0.0078 | H34: 0.0275
A35: 55 Cnc Ad | B35: Confirmed | D35: 0.08 | E35: 0.08 | F35: 3.84 | G35: 0.08 | H35: 0.08
A36: 55 Cnc Ae | B36: Confirmed | C36: 0.02703 | D36: 0.00135 | E36: 0.00135 | I36: 0.1737 | J36: 0.00339
A37: 55 Cnc Af | B37: Confirmed | D37: 0.0093 | E37: 0.0219 | F37: 0.1479 | G37: 0.0093 | H37: 0.0219
A38: 61 Vir b | B38: Confirmed | D38: 0.0016 | E38: 0.0016 | F38: 0.016 | G38: 0.0016 | H38: 0.0016
A39: 61 Vir c | B39: Confirmed | D39: 0.0035 | E39: 0.0035 | F39: 0.0573 | G39: 0.0035 | H39: 0.0035
A40: 61 Vir d | B40: Confirmed | D40: 0.008 | E40: 0.008 | F40: 0.072 | G40: 0.008 | H40: 0.008
A41: 6 Lyn b | B41: Confirmed | D41: 0.077 | E41: 0.077 | F41: 2.01 | G41: 0.077 | H41: 0.077
A42: 70 Vir Ab | B42: Confirmed | F42: 6.6
A43: 75 Cet Ab | B43: Confirmed | D43: 0.09 | E43: 0.07 | F43: 2.48 | G43: 0.09 | H43: 0.07
A44: 75 Cet Ac | B44: Confirmed | D44: 0.09 | E44: 0.09 | F44: 0.91 | G44: 0.09 | H44: 0.09
A45: 79 Cet Ab | B45: Confirmed | D45: 0.03 | E45: 0.03 | F45: 0.215 | G45: 0.03 | H45: 0.03
A46: 81 Cet b | B46: Confirmed | F46: 5.3
A47: 82 Eri b | B47: Confirmed | D47: 0.00053 | E47: 0.00053 | F47: 0.00676 | G47: 0.00053 | H47: 0.00053
A48: 82 Eri c | B48: Confirmed | D48: 0.0025 | E48: 0.0016 | F48: 0.00793 | G48: 0.0025 | H48: 0.0016
A49: 82 Eri d | B49: Confirmed | D49: 0.00179 | E49: 0.00179 | F49: 0.01831 | G49: 0.00179 | H49: 0.00179
A50: 82 Eri e | B50: Confirmed | D50: 0.00271 | E50: 0.00302 | F50: 0.01501 | G50: 0.00271 | H50: 0.00302
A51: 8 Umi b | B51: Confirmed | D51: 0.06 | E51: 0.06 | F51: 1.65 | G51: 0.06 | H51: 0.06
A52: 94 Cet Ab | B52: Confirmed | D52: 0.12 | E52: 0.12 | F52: 1.37 | G52: 0.12 | H52: 0.12
A53: AB Aur b | B53: Confirmed | C53: 9 | D53: 15 | E53: 17
A54: AB Pic c | B54: Confirmed | C54: 5.75 | D54: 3.25 | E54: 3.25
A55: AF Lep b | B55: Confirmed | C55: 3.75 | D55: 0.5 | E55: 0.5 | I55: 1.3 | J55: 0.15
A56: alf Ari b | B56: Confirmed | D56: 0.2 | E56: 0.2 | F56: 1.8 | G56: 0.2 | H56: 0.2
A57: AT2021uey b | B57: Confirmed | C57: 1.34 | D57: 0.5 | E57: 0.45
A58: AU Mic b | B58: Confirmed | C58: 0.028 | D58: 0.0084 | E58: 0.0082 | I58: 0.4273 | J58: 0.027
A59: AU Mic c | B59: Confirmed | C59: 0.0456 | D59: 0.0107 | E59: 0.0107 | I59: 0.2248 | J59: 0.0223
A60: AU Mic d | B60: Confirmed | C60: 0.003187 | D60: 0.000459 | E60: 0.000459
A61: Barnard's star b | B61: Confirmed | D61: 8.2e-05 | E61: 8.2e-05 | F61: 0.000941 | G61: 8.2e-05 | H61: 8.2e-05
A62: Barnard's star c | B62: Confirmed | D62: 9e-05 | E62: 9e-05 | F62: 0.001054 | G62: 9e-05 | H62: 9e-05
A63: Barnard's star d | B63: Confirmed | D63: 7.6e-05 | E63: 7.6e-05 | F63: 0.000827 | G63: 7.6e-05 | H63: 7.6e-05
A64: Barnard's star e | B64: Confirmed | D64: 9e-05 | E64: 9e-05 | F64: 0.0006 | G64: 9e-05 | H64: 9e-05
A65: b Cen (AB)b | B65: Confirmed | C65: 10.9 | D65: 1.6 | E65: 1.6
A66: BD+03 2562 b | B66: Confirmed | D66: 1.3 | E66: 1.3 | F66: 6.4 | G66: 1.3 | H66: 1.3
A67: BD-06 1339 c | B67: Confirmed | D67: 0.03 | E67: 0.03 | F67: 0.17 | G67: 0.03 | H67: 0.03
A68: BD-06 1339 d | B68: Confirmed | D68: 0.0296 | E68: 0.0365 | F68: 0.0582 | G68: 0.0296 | H68: 0.0365
A69: BD-06 1339 e | B69: Confirmed | D69: 0.0044 | E69: 0.0047 | F69: 0.0104 | G69: 0.0044 | H69: 0.0047
A70: BD-08 2823 b | B70: Confirmed | D70: 0.007 | E70: 0.007 | F70: 0.045 | G70: 0.007 | H70: 0.007
A71: BD-08 2823 c | B71: Confirmed | D71: 0.03 | E71: 0.03 | F71: 0.33 | G71: 0.03 | H71: 0.03
A72: BD-10 3166 b | B72: Confirmed | F72: 0.46 | I72: 1.03
A73: BD-11 4672 b | B73: Confirmed | D73: 0.05 | E73: 0.05 | F73: 0.65 | G73: 0.05 | H73: 0.05
A74: BD-11 4672 c | B74: Confirmed | D74: 0.0066 | E74: 0.009 | F74: 0.04836 | G74: 0.0066 | H74: 0.009
A75: BD+14 4559 b | B75: Confirmed | F75: 1.47
A76: BD+15 2375 b | B76: Confirmed | D76: 0.27 | E76: 0.27 | F76: 1.06 | G76: 0.27 | H76: 0.27
A77: BD+15 2940 b | B77: Confirmed | F77: 1.11
A78: BD-17 63 b | B78: Confirmed | C78: 5.325 | D78: 0.036 | E78: 0.036 | F78: 5.1 | G78: 0.12 | H78: 0.12
A79: BD+20 2457 c | B79: Confirmed | F79: 12.47
A80: BD+20 274 b | B80: Confirmed | F80: 4.2
A81: BD+20 594 b | B81: Confirmed | C81: 0.07 | D81: 0.03 | E81: 0.03 | F81: 0.0513 | G81: 0.019 | H81: 0.019 | I81: 0.23 | J81: 0.01
A82: BD-21 397 c | B82: Confirmed | C82: 4.8 | D82: 0.6 | E82: 0.6
A83: BD+45 564 b | B83: Confirmed | D83: 0.12 | E83: 0.12 | F83: 1.36 | G83: 0.12 | H83: 0.12
A84: BD+48 738 b | B84: Confirmed | F84: 0.91
A85: BD+48 740 b | B85: Confirmed | D85: 0.7 | E85: 0.7 | F85: 1.7 | G85: 0.7 | H85: 0.7
A86: BD+49 828 b | B86: Confirmed | D86: 0.2 | E86: 0.4 | F86: 1.6 | G86: 0.2 | H86: 0.4
A87: BD+55 362 b | B87: Confirmed | D87: 0.08 | E87: 0.08 | F87: 0.72 | G87: 0.08 | H87: 0.08
A88: BD+63 1405 Ab | B88: Confirmed | D88: 0.31 | E88: 0.31 | F88: 3.96 | G88: 0.31 | H88: 0.31
A89: BEBOP-3 (AB)b | B89: Confirmed | D89: 0.048 | E89: 0.051 | F89: 0.558 | G89: 0.048 | H89: 0.051
A90: beta Cnc Ab | B90: Confirmed | D90: 0.8 | E90: 0.8 | F90: 7.8 | G90: 0.8 | H90: 0.8
A91: beta Pic b | B91: Confirmed | C91: 11.9 | D91: 3.04 | E91: 2.93 | I91: 1.65 | J91: 0.06
A92: beta Pic c | B92: Confirmed | C92: 8.89 | D92: 0.75 | E92: 0.75 | F92: 8.5 | G92: 0.5 | H92: 0.5 | I92: 1.2 | J92: 0.1
A93: beta Umi b | B93: Confirmed | D93: 1 | E93: 1 | F93: 6.1 | G93: 1 | H93: 1
A94: CD Cet b | B94: Confirmed | C94: 0.01244 | D94: 0.00136 | F94: 0.01243 | G94: 0.00135 | H94: 0.00135
A95: CFHTWIR-Oph 98 b | B95: Confirmed | C95: 7.8 | D95: 0.8 | E95: 0.8 | I95: 1.86 | J95: 0.05
A96: chi Sco b | B96: Confirmed | D96: 0.12 | E96: 0.15 | F96: 4.32 | G96: 0.12 | H96: 0.15
A97: chi Vir b | B97: Confirmed | D97: 1 | E97: 1 | F97: 11.09 | G97: 1 | H97: 1
A98: chi Vir c | B98: Confirmed | D98: 0.4 | E98: 0.4 | F98: 3.1 | G98: 0.4 | H98: 0.4
A99: CHXR 73 Ab | B99: Confirmed | C99: 12 | D99: 5 | E99: 8
A100: CI Tau c | B100: Confirmed | D100: 0.3 | E100: 0.3 | F100: 3.6 | G100: 0.3 | H100: 0.3
...

Sheet Analysis
A1: Planet Analysis
A3: Metric | B3: Result
A4: Highest Mass | B4: =MAX('Cleaned Data'!C:C) -> 12.934
A5: Planet with Highest Mass | B5: {=INDEX('Cleaned Data'!A:A,MATCH(B4,'Cleaned Data'!C:C,0))} -> GJ 2030 Ac
A6: Lowest Mass | B6: =MIN('Cleaned Data'!C:C) -> 0.00019
A7: Planet with Lowest Mass | B7: {=INDEX('Cleaned Data'!A:A,MATCH(B6,'Cleaned Data'!C:C,0))} -> LHS 1678 b
A8: Average Mass | B8: =AVERAGE('Cleaned Data'!C:C) -> 1.4925385
A9: Average Radius | B9: =AVERAGE('Cleaned Data'!I:I) -> 0.40151504
A11: Planet Status | B11: Number of Planets
A12: Confirmed | B12: =COUNTIF('Cleaned Data'!B:B,A12) -> 5986
A15: Top 10 Planets by Mass
A17: Rank | B17: Planet Name | C17: Mass
A18: 1 | B18: {=INDEX('Cleaned Data'!A:A,MATCH(C18,'Cleaned Data'!C:C,0))} -> GJ 2030 Ac | C18: =LARGE('Cleaned Data'!C:C,A18) -> 12.934
A19: 2 | B19: {=INDEX('Cleaned Data'!A:A,MATCH(C19,'Cleaned Data'!C:C,0))} -> HATS-70 b | C19: =LARGE('Cleaned Data'!C:C,A19) -> 12.9
A20: 3 | B20: {=INDEX('Cleaned Data'!A:A,MATCH(C20,'Cleaned Data'!C:C,0))} -> TOI-4603 b | C20: =LARGE('Cleaned Data'!C:C,A20) -> 12.89
A21: 4 | B21: {=INDEX('Cleaned Data'!A:A,MATCH(C21,'Cleaned Data'!C:C,0))} -> HD 11506 d | C21: =LARGE('Cleaned Data'!C:C,A21) -> 12.8
A22: 5 | B22: {=INDEX('Cleaned Data'!A:A,MATCH(C22,'Cleaned Data'!C:C,0))} -> HD 11506 d | C22: =LARGE('Cleaned Data'!C:C,A22) -> 12.8
A23: 6 | B23: {=INDEX('Cleaned Data'!A:A,MATCH(C23,'Cleaned Data'!C:C,0))} -> TIC 4672985 | C23: =LARGE('Cleaned Data'!C:C,A23) -> 12.74
A24: 7 | B24: {=INDEX('Cleaned Data'!A:A,MATCH(C24,'Cleaned Data'!C:C,0))} -> pi Men b | C24: =LARGE('Cleaned Data'!C:C,A24) -> 12.6
A25: 8 | B25: {=INDEX('Cleaned Data'!A:A,MATCH(C25,'Cleaned Data'!C:C,0))} -> HD 149806 Ab | C25: =LARGE('Cleaned Data'!C:C,A25) -> 12.597
A26: 9 | B26: {=INDEX('Cleaned Data'!A:A,MATCH(C26,'Cleaned Data'!C:C,0))} -> 2MASS J2236+4751 b | C26: =LARGE('Cleaned Data'!C:C,A26) -> 12.5
A27: 10 | B27: {=INDEX('Cleaned Data'!A:A,MATCH(C27,'Cleaned Data'!C:C,0))} -> TOI-4987 b | C27: =LARGE('Cleaned Data'!C:C,A27) -> 12.37

Sheet Dashboard
A1: PLANET DATA VISUALIZATION DASHBOARD
A3: Planet Analysis | Data Visualization
A5: Highest Mass | C5: Lowest Mass | E5: Average Mass | G5: Average Radius
A6: =Analysis!B4 -> 12.934 | C6: =Analysis!B6 -> 0.00019 | E6: =Analysis!B8 -> 1.4925385 | G6: =Analysis!B9 -> 0.40151504
A7: Highest Mass Planet | B7: =Analysis!B5 -> GJ 2030 Ac | C7: Lowest Mass Planet | D7: =Analysis!B7 -> LHS 1678 b
